NAME,Age Over 20 %
"Abilene, TX",0.7276639182467262
"Akron, OH",0.7704920608844096
"Albany, GA",0.7291995154730566
"Albany-Lebanon, OR",0.7567911028273477
"Albany-Schenectady-Troy, NY",0.7769185776271398
"Albuquerque, NM",0.761592317635874
"Alexandria, LA",0.7353502551527603
"Allentown-Bethlehem-Easton, PA-NJ",0.764052189388774
"Altoona, PA",0.7714487504824789
"Amarillo, TX",0.719776939818986
"Ames, IA",0.755980823328975
"Anchorage, AK",0.7323743063687448
"Ann Arbor, MI",0.7612090202766724
"Anniston-Oxford, AL",0.7549063567067913
"Appleton, WI",0.7453827370905098
"Asheville, NC",0.7993970457783678
"Athens-Clarke County, GA",0.7477991724796679
"Atlanta-Sandy Springs-Alpharetta, GA",0.7363755177773619
"Atlantic City-Hammonton, NJ",0.7662110951899508
"Auburn-Opelika, AL",0.7448001895969936
"Augusta-Richmond County, GA-SC",0.746087642649444
"Austin-Round Rock-Georgetown, TX",0.7514803866306528
"Bakersfield, CA",0.6850010842642205
"Baltimore-Columbia-Towson, MD",0.7559988683474456
"Bangor, ME",0.7876084181586096
"Barnstable Town, MA",0.8378217898464358
"Baton Rouge, LA",0.738893572120816
"Battle Creek, MI",0.7471734208146825
"Bay City, MI",0.7832985386221294
"Beaumont-Port Arthur, TX",0.7292517557325268
"Beckley, WV",0.7697496877693539
"Bellingham, WA",0.7788586336641452
"Bend, OR",0.7878330672213515
"Billings, MT",0.7510171784192432
"Binghamton, NY",0.7666666666666667
"Birmingham-Hoover, AL",0.7479147633141936
"Bismarck, ND",0.7374513640387749
"Blacksburg-Christiansburg, VA",0.7697845643796168
"Bloomington, IL",0.7387778031353686
"Bloomington, IN",0.7689203513491734
"Bloomsburg-Berwick, PA",0.7752865873503779
"Boise City, ID",0.7355507828807396
"Boston-Cambridge-Newton, MA-NH",0.7760579126404203
"Boulder, CO",0.7749307374151476
"Bowling Green, KY",0.7336988071897215
"Bremerton-Silverdale-Port Orchard, WA",0.7809335287298498
"Bridgeport-Stamford-Norwalk, CT",0.7534133248868476
"Brownsville-Harlingen, TX",0.6740105288289928
"Brunswick, GA",0.769530461641059
"Buffalo-Cheektowaga, NY",0.7735697767254908
"Burlington, NC",0.7410525831478574
"Burlington-South Burlington, VT",0.7750462245875089
"California-Lexington Park, MD",0.7349302861935213
"Canton-Massillon, OH",0.762239560576743
"Cape Coral-Fort Myers, FL",0.8081464410083555
"Cape Girardeau, MO-IL",0.7498336728113901
"Carbondale-Marion, IL",0.7654675825953486
"Carson City, NV",0.7782448765107725
"Casper, WY",0.7369492803720696
"Cedar Rapids, IA",0.748728375115726
"Chambersburg-Waynesboro, PA",0.7572893805706096
"Champaign-Urbana, IL",0.7430712720479937
"Charleston, WV",0.7751274409850207
"Charleston-North Charleston, SC",0.7594594195697201
"Charlotte-Concord-Gastonia, NC-SC",0.7438732994551
"Charlottesville, VA",0.7722149374910188
"Chattanooga, TN-GA",0.766121545131518
"Cheyenne, WY",0.7499975213904009
"Chicago-Naperville-Elgin, IL-IN-WI",0.751623933457372
"Chico, CA",0.7601735882751105
"Cincinnati, OH-KY-IN",0.740685019701894
"Clarksville, TN-KY",0.7083373946098738
"Cleveland, TN",0.759774265659929
"Cleveland-Elyria, OH",0.7690076708057477
"Coeur d'Alene, ID",0.7535778050937488
"College Station-Bryan, TX",0.7331247863373536
"Colorado Springs, CO",0.7410686778719784
"Columbia, MO",0.7471319378950184
"Columbia, SC",0.7485237101103489
"Columbus, GA-AL",0.7360381759562308
"Columbus, IN",0.7378599575628978
"Columbus, OH",0.739539947847925
"Corpus Christi, TX",0.7267714970977677
"Corvallis, OR",0.7776539571117614
"Crestview-Fort Walton Beach-Destin, FL",0.7614139995363489
"Cumberland, MD-WV",0.783826359080625
"Dallas-Fort Worth-Arlington, TX",0.7199136812844452
"Dalton, GA",0.7239756580928438
"Danville, IL",0.7444968876120117
"Daphne-Fairhope-Foley, AL",0.7673155198208063
"Davenport-Moline-Rock Island, IA-IL",0.7473713728614559
"Dayton-Kettering, OH",0.7534209529990805
"Decatur, AL",0.7497607777593488
"Decatur, IL",0.7494435332708529
"Deltona-Daytona Beach-Ormond Beach, FL",0.8044675374702339
"Denver-Aurora-Lakewood, CO",0.7630377256552083
"Des Moines-West Des Moines, IA",0.7301757918419903
"Detroit-Warren-Dearborn, MI",0.7600169980562196
"Dothan, AL",0.7550488728251263
"Dover, DE",0.7424911348961982
"Dubuque, IA",0.7428736400656415
"Duluth, MN-WI",0.7745271339156751
"Durham-Chapel Hill, NC",0.7672030482621114
"East Stroudsburg, PA",0.7744885480850461
"Eau Claire, WI",0.7596254262420882
"El Centro, CA",0.6867851721702966
"Elizabethtown-Fort Knox, KY",0.7371432581044359
"Elkhart-Goshen, IN",0.7010356609527307
"Elmira, NY",0.7668854235655368
"El Paso, TX",0.7058494044080006
"Enid, OK",0.7174207925588606
"Erie, PA",0.7587868154090354
"Eugene-Springfield, OR",0.7898191232003007
"Evansville, IN-KY",0.7528046224509948
"Fairbanks, AK",0.7392696117916584
"Fargo, ND-MN",0.7330012374274201
"Farmington, NM",0.7182233682940335
"Fayetteville, NC",0.7178128359779484
"Fayetteville-Springdale-Rogers, AR",0.7213973736822488
"Flagstaff, AZ",0.7390935664451369
"Flint, MI",0.7540696868938764
"Florence, SC",0.7445485523865923
"Florence-Muscle Shoals, AL",0.7705669990826112
"Fond du Lac, WI",0.7631225925145168
"Fort Collins, CO",0.7757224859530029
"Fort Smith, AR-OK",0.7381517890971608
"Fort Wayne, IN",0.7226253906268467
"Fresno, CA",0.6906483053648401
"Gadsden, AL",0.7619666156142766
"Gainesville, FL",0.769841641404979
"Gainesville, GA",0.7323081077692423
"Gettysburg, PA",0.7742468331940803
"Glens Falls, NY",0.799706100778991
"Goldsboro, NC",0.7361578294175547
"Grand Forks, ND-MN",0.7377007983607508
"Grand Island, NE",0.7090777814243518
"Grand Junction, CO",0.7625003972415546
"Grand Rapids-Kentwood, MI",0.7371621993001227
"Grants Pass, OR",0.7886038983089217
"Great Falls, MT",0.751854788134089
"Greeley, CO",0.7145949252432096
"Green Bay, WI",0.7468633342438313
"Greensboro-High Point, NC",0.7480843502198118
"Greenville, NC",0.739947377286271
"Greenville-Anderson, SC",0.7499325023863329
"Gulfport-Biloxi, MS",0.7456121048024071
"Hagerstown-Martinsburg, MD-WV",0.7600217284149322
"Hammond, LA",0.7252638351686548
"Hanford-Corcoran, CA",0.7045026491922082
"Harrisburg-Carlisle, PA",0.7594368653625242
"Harrisonburg, VA",0.7375942396041937
"Hartford-East Hartford-Middletown, CT",0.7727001929192528
"Hattiesburg, MS",0.7343105420677383
"Hickory-Lenoir-Morganton, NC",0.7744248050845839
"Hilton Head Island-Bluffton, SC",0.7950349436218884
"Hinesville, GA",0.6919252259754052
"Homosassa Springs, FL",0.8360734550837219
"Hot Springs, AR",0.7800857171334595
"Houma-Thibodaux, LA",0.7352093961554129
"Houston-The Woodlands-Sugar Land, TX",0.7121534941592301
"Huntington-Ashland, WV-KY-OH",0.7652510930195383
"Huntsville, AL",0.7582092105472542
"Idaho Falls, ID",0.667225682798275
"Indianapolis-Carmel-Anderson, IN",0.732608176399894
"Iowa City, IA",0.7484244438300826
"Ithaca, NY",0.7703543104923832
"Jackson, MI",0.7641487035301469
"Jackson, MS",0.7391425778522552
"Jackson, TN",0.7397441357529633
"Jacksonville, FL",0.7550147588091833
"Jacksonville, NC",0.7105452076057431
"Janesville-Beloit, WI",0.7486144992426133
"Jefferson City, MO",0.7513834883813517
"Johnson City, TN",0.7893525193686679
"Johnstown, PA",0.7786285532697269
"Jonesboro, AR",0.7201322676789395
"Joplin, MO",0.730997419757753
"Kahului-Wailuku-Lahaina, HI",0.7657546842364862
"Kalamazoo-Portage, MI",0.7514936348177765
"Kankakee, IL",0.7400774852018274
"Kansas City, MO-KS",0.7397010216004619
"Kennewick-Richland, WA",0.6949914529360057
"Killeen-Temple, TX",0.709004918730881
"Kingsport-Bristol, TN-VA",0.7913795393651936
"Kingston, NY",0.8008100529650015
"Knoxville, TN",0.7704855094849856
"Kokomo, IN",0.7493637004552678
"La Crosse-Onalaska, WI-MN",0.7610102649934273
"Lafayette, LA",0.732396100264601
"Lafayette-West Lafayette, IN",0.7370109786434901
"Lake Charles, LA",0.7301128530818304
"Lake Havasu City-Kingman, AZ",0.819217058964041
"Lakeland-Winter Haven, FL",0.7547430725130057
"Lancaster, PA",0.7404542925881239
"Lansing-East Lansing, MI",0.7585089980954355
"Laredo, TX",0.6466662934557466
"Las Cruces, NM",0.7229084276865847
"Las Vegas-Henderson-Paradise, NV",0.751196086676589
"Lawrence, KS",0.7637710178195923
"Lawton, OK",0.7264608798601256
"Lebanon, PA",0.7495626964381538
"Lewiston, ID-WA",0.7690397989236866
"Lewiston-Auburn, ME",0.7608660410324766
"Lexington-Fayette, KY",0.7505281492953504
"Lima, OH",0.7384085767679748
"Lincoln, NE",0.7361808971784507
"Little Rock-North Little Rock-Conway, AR",0.7440021519809944
"Logan, UT-ID",0.6573581531137602
"Longview, TX",0.7282782386371531
"Longview, WA",0.7545909400667121
"Los Angeles-Long Beach-Anaheim, CA",0.7635800150999976
"Louisville/Jefferson County, KY-IN",0.7548043463706808
"Lubbock, TX",0.716816553674922
"Lynchburg, VA",0.7666877654828451
"Macon-Bibb County, GA",0.7402932235348444
"Madera, CA",0.6995608807477574
"Madison, WI",0.768117766396412
"Manchester-Nashua, NH",0.7789492052188389
"Manhattan, KS",0.7199698354388794
"Mankato, MN",0.7421051615642976
"Mansfield, OH",0.7598226766244658
"McAllen-Edinburg-Mission, TX",0.6503891607486062
"Medford, OR",0.7744017449292463
"Memphis, TN-MS-AR",0.7285306596871648
"Merced, CA",0.6709115726049968
"Miami-Fort Lauderdale-Pompano Beach, FL",0.777333333114458
"Michigan City-La Porte, IN",0.7671323071447638
"Midland, MI",0.7642378709994369
"Midland, TX",0.6813373368749278
"Milwaukee-Waukesha, WI",0.7460176816022093
"Minneapolis-St. Paul-Bloomington, MN-WI",0.7424086414026021
"Missoula, MT",0.7856324194992178
"Mobile, AL",0.743309513801317
"Modesto, CA",0.7029397883178812
"Monroe, LA",0.732048378594717
"Monroe, MI",0.7683965119723843
"Montgomery, AL",0.7430131830647126
"Morgantown, WV",0.7833386621194358
"Morristown, TN",0.7668624656772445
"Mount Vernon-Anacortes, WA",0.7668023504927465
"Muncie, IN",0.7644519133645001
"Muskegon, MI",0.7506501011268419
"Myrtle Beach-Conway-North Myrtle Beach, SC-NC",0.8166592780613345
"Napa, CA",0.7774416880189712
"Naples-Marco Island, FL",0.8164490388103011
"Nashville-Davidson--Murfreesboro--Franklin, TN",0.7480879275082039
"New Bern, NC",0.7725417712822945
"New Haven-Milford, CT",0.770665740419127
"New Orleans-Metairie, LA",0.7565945379583205
"New York-Newark-Jersey City, NY-NJ-PA",0.7635022418035843
"Niles, MI",0.7616475398593086
"North Port-Sarasota-Bradenton, FL",0.8257769610123755
"Norwich-New London, CT",0.7825524078793177
"Ocala, FL",0.7948615627793685
"Ocean City, NJ",0.8086053877755826
"Odessa, TX",0.6621288588437592
"Ogden-Clearfield, UT",0.678218073966741
"Oklahoma City, OK",0.7301301913713968
"Olympia-Lacey-Tumwater, WA",0.7683277568402931
"Omaha-Council Bluffs, NE-IA",0.7217880751762232
"Orlando-Kissimmee-Sanford, FL",0.7607700808900694
"Oshkosh-Neenah, WI",0.7670533669729581
"Owensboro, KY",0.7332112483192688
"Oxnard-Thousand Oaks-Ventura, CA",0.7526554447334076
"Palm Bay-Melbourne-Titusville, FL",0.7990101000927625
"Panama City, FL",0.7735198249687444
"Parkersburg-Vienna, WV",0.7700903176339261
"Pensacola-Ferry Pass-Brent, FL",0.7574730628906946
"Peoria, IL",0.7470745108280766
"Philadelphia-Camden-Wilmington, PA-NJ-DE-MD",0.7597038243419348
"Phoenix-Mesa-Chandler, AZ",0.7445873503506266
"Pine Bluff, AR",0.7637828079433412
"Pittsburgh, PA",0.7870168231827996
"Pittsfield, MA",0.8095867306092945
"Pocatello, ID",0.7111409061145583
"Portland-South Portland, ME",0.7959787607314152
"Portland-Vancouver-Hillsboro, OR-WA",0.7721694274434109
"Port St. Lucie, FL",0.7960243962019459
"Poughkeepsie-Newburgh-Middletown, NY",0.743020963831725
"Prescott Valley-Prescott, AZ",0.8242250869958266
"Providence-Warwick, RI-MA",0.7747578134044328
"Provo-Orem, UT",0.6368797703764375
"Pueblo, CO",0.7526618009456321
"Punta Gorda, FL",0.8690997367110956
"Racine, WI",0.7491873882658866
"Raleigh-Cary, NC",0.7394047683979202
"Rapid City, SD",0.7517449763697448
"Reading, PA",0.7487923380428656
"Redding, CA",0.7610835680441861
"Reno, NV",0.7662958384837247
"Richmond, VA",0.7610270516033237
"Riverside-San Bernardino-Ontario, CA",0.7200503749646742
"Roanoke, VA",0.7750591422466423
"Rochester, MN",0.7365452936592839
"Rochester, NY",0.7676117285867943
"Rockford, IL",0.741252773003289
"Rocky Mount, NC",0.7544362002299091
"Rome, GA",0.7389618410262121
"Sacramento-Roseville-Folsom, CA",0.7493194903600688
"Saginaw, MI",0.7559430563687095
"St. Cloud, MN",0.7245940740297196
"St. George, UT",0.7243941723405813
"St. Joseph, MO-KS",0.751826878363117
"St. Louis, MO-IL",0.7573885869749002
"Salem, OR",0.7368680420736082
"Salinas, CA",0.7110912936603213
"Salisbury, MD-DE",0.78517460620703
"Salt Lake City, UT",0.7117969757596823
"San Angelo, TX",0.7234273850781403
"San Antonio-New Braunfels, TX",0.7248430694583878
"San Diego-Chula Vista-Carlsbad, CA",0.7605327216196617
"San Francisco-Oakland-Berkeley, CA",0.7834945181585996
"San Jose-Sunnyvale-Santa Clara, CA",0.7627417483486453
"San Luis Obispo-Paso Robles, CA",0.7790110856444612
"Santa Cruz-Watsonville, CA",0.7655307104021031
"Santa Fe, NM",0.8109483830645421
"Santa Maria-Santa Barbara, CA",0.7316019933926872
"Santa Rosa-Petaluma, CA",0.7846371687244154
"Savannah, GA",0.74466595773741
"Scranton--Wilkes-Barre, PA",0.7704553060325847
"Seattle-Tacoma-Bellevue, WA",0.7680140334678365
"Sebastian-Vero Beach, FL",0.829514487174787
"Sebring-Avon Park, FL",0.8144168215613383
"Sheboygan, WI",0.7598325222723297
"Sherman-Denison, TX",0.7365433197450767
"Shreveport-Bossier City, LA",0.7375441662062674
"Sierra Vista-Douglas, AZ",0.7630622768742562
"Sioux City, IA-NE-SD",0.7082169296218136
"Sioux Falls, SD",0.7195114165939608
"South Bend-Mishawaka, IN-MI",0.7383833547011848
"Spartanburg, SC",0.7408713050520449
"Spokane-Spokane Valley, WA",0.7578900897439786
"Springfield, IL",0.7574311979816142
"Springfield, MA",0.7683908500586074
"Springfield, MO",0.7464874149243068
"Springfield, OH",0.7486010041803985
"State College, PA",0.7835164765405296
"Staunton, VA",0.7829281091481546
"Stockton, CA",0.7054281045337657
"Sumter, SC",0.749664904037354
"Syracuse, NY",0.7578739170658123
"Tallahassee, FL",0.7613018954004397
"Tampa-St. Petersburg-Clearwater, FL",0.7828603944570516
"Terre Haute, IN",0.7599426748147747
"Texarkana, TX-AR",0.7423865628439806
"The Villages, FL",0.9230451643344786
"Toledo, OH",0.7489929635511016
"Topeka, KS",0.7431942235784588
"Trenton-Princeton, NJ",0.7521676712499158
"Tucson, AZ",0.7674572017908234
"Tulsa, OK",0.7317536924260831
"Tuscaloosa, AL",0.7443314652616978
"Twin Falls, ID",0.6997219964928788
"Tyler, TX",0.7266912886932618
"Urban Honolulu, HI",0.7682712385976481
"Utica-Rome, NY",0.7609084424780591
"Valdosta, GA",0.720318869341343
"Vallejo, CA",0.7582529731069965
"Victoria, TX",0.7224820895370285
"Vineland-Bridgeton, NJ",0.7353069447427861
"Virginia Beach-Norfolk-Newport News, VA-NC",0.7534292153174575
"Visalia, CA",0.6679013277322903
"Waco, TX",0.7186051321551343
"Walla Walla, WA",0.7513640279506079
"Warner Robins, GA",0.7231031621646539
"Washington-Arlington-Alexandria, DC-VA-MD-WV",0.7472164424266814
"Waterloo-Cedar Falls, IA",0.745572004100217
"Watertown-Fort Drum, NY",0.7363859151296273
"Wausau-Weston, WI",0.7610250979306693
"Weirton-Steubenville, WV-OH",0.7854219838214301
"Wenatchee, WA",0.7400236740120965
"Wheeling, WV-OH",0.7851386670538696
"Wichita, KS",0.7237802873507336
"Wichita Falls, TX",0.7348821914866488
"Williamsport, PA",0.7651511817261564
"Wilmington, NC",0.7813132853378474
"Winchester, VA-WV",0.7563569976921222
"Winston-Salem, NC",0.754356229033309
"Worcester, MA-CT",0.7658064258973659
"Yakima, WA",0.67765735153397
"York-Hanover, PA",0.7571834068751417
"Youngstown-Warren-Boardman, OH-PA",0.7766197272097073
"Yuba City, CA",0.710889721838627
"Yuma, AZ",0.7206000289869076
"Aberdeen, SD",0.7361750605211943
"Aberdeen, WA",0.779661899246496
"Ada, OK",0.7209862956266541
"Adrian, MI",0.7640870690003638
"Alamogordo, NM",0.7499161037104046
"Albemarle, NC",0.7612455656286953
"Albert Lea, MN",0.7592442030635143
"Albertville, AL",0.7212505599218145
"Alexander City, AL",0.7870728343014785
"Alexandria, MN",0.7639023395687854
"Alice, TX",0.7019114046458037
"Alma, MI",0.7710138648180243
"Alpena, MI",0.7940677672792718
"Altus, OK",0.7233724825442951
"Americus, GA",0.7348419774295785
"Amsterdam, NY",0.7461963759635175
"Andrews, TX",0.658297180043384
"Angola, IN",0.7661700161700161
"Arcadia, FL",0.7929841897233202
"Ardmore, OK",0.7259131385988001
"Arkadelphia, AR",0.7298907180713851
"Ashland, OH",0.7459094732013151
"Ashtabula, OH",0.7589714086113194
"Astoria, OR",0.797536474527625
"Atchison, KS",0.7228277603300696
"Athens, OH",0.7529167203815909
"Athens, TN",0.7641280822804714
"Athens, TX",0.762068677017223
"Atmore, AL",0.7529087986048666
"Auburn, IN",0.7354902730021
"Auburn, NY",0.7850026357406431
"Augusta-Waterville, ME",0.7869077647285638
"Austin, MN",0.7218985009213607
"Bainbridge, GA",0.7316619601900958
"Baraboo, WI",0.7529263132258703
"Bardstown, KY",0.7468682321966963
"Barre, VT",0.7863229335156497
"Bartlesville, OK",0.734650951262033
"Batavia, NY",0.7731319032720861
"Batesville, AR",0.744005781913452
"Bay City, TX",0.7145608628659477
"Beatrice, NE",0.7528682457438934
"Beaver Dam, WI",0.785339200340376
"Bedford, IN",0.7653428000887509
"Beeville, TX",0.7656189367481567
"Bellefontaine, OH",0.7500380145541435
"Bemidji, MN",0.7091203104786546
"Bennettsville, SC",0.7804942764005761
"Bennington, VT",0.7837692967409948
"Berlin, NH",0.8213749240947298
"Big Rapids, MI",0.7532911993205266
"Big Spring, TX",0.7577648851383029
"Big Stone Gap, VA",0.7774273141200112
"Blackfoot, ID",0.6738481054096079
"Bluefield, WV-VA",0.7778506583012501
"Bluffton, IN",0.7292619782246338
"Blytheville, AR",0.7140011598295555
"Bogalusa, LA",0.7403895154321671
"Bonham, TX",0.7646914052886324
"Boone, NC",0.7924733561972195
"Borger, TX",0.7252988533788729
"Bozeman, MT",0.7715075012427371
"Bradford, PA",0.773741268370847
"Brainerd, MN",0.7721047094751249
"Branson, MO",0.7629063436607729
"Breckenridge, CO",0.8280598558546912
"Brenham, TX",0.7386810063804297
"Brevard, NC",0.8222523744911805
"Brookhaven, MS",0.7485047076667716
"Brookings, OR",0.8440231389604358
"Brookings, SD",0.7080169750858859
"Brownsville, TN",0.7570927998191478
"Brownwood, TX",0.7654744449099288
"Bucyrus-Galion, OH",0.7611725822675672
"Burley, ID",0.6736560623103207
"Burlington, IA-IL",0.7609758275115506
"Butte-Silver Bow, MT",0.7711727994126119
"Cadillac, MI",0.7512798025738818
"Calhoun, GA",0.741264144787678
"Cambridge, MD",0.7706300594047216
"Cambridge, OH",0.7595267323112284
"Camden, AR",0.761563204791659
"Campbellsville, KY",0.7450034642647764
"Cañon City, CO",0.8234026701033004
"Carlsbad-Artesia, NM",0.7092807538868184
"Carroll, IA",0.7326986274888846
"Cedar City, UT",0.6787785654092103
"Cedartown, GA",0.7212157439764576
"Celina, OH",0.7160178685386088
"Central City, KY",0.7685866944679742
"Centralia, IL",0.7444771329232415
"Centralia, WA",0.7622810967084528
"Charleston-Mattoon, IL",0.768044125372089
"Chillicothe, OH",0.7692317696479432
"Clarksburg, WV",0.7755663701963417
"Clarksdale, MS",0.6972128784238347
"Clearlake, CA",0.7629060873105895
"Cleveland, MS",0.7240002639567111
"Clewiston, FL",0.7071416168481631
"Clinton, IA",0.7509631319544584
"Clovis, NM",0.7075355736577845
"Coffeyville, KS",0.7303890101425087
"Coldwater, MI",0.7457152384128043
"Columbus, MS",0.7340154772141014
"Columbus, NE",0.7123331678397243
"Concord, NH",0.7878483361032736
"Connersville, IN",0.7577910958904109
"Cookeville, TN",0.7626730697806992
"Coos Bay, OR",0.801920029538916
"Cordele, GA",0.7391216862015192
"Corinth, MS",0.7537628460799441
"Cornelia, GA",0.7510582802411596
"Corning, NY",0.7639432801136119
"Corsicana, TX",0.7073015991491108
"Cortland, NY",0.7518300187860335
"Coshocton, OH",0.7382707957834944
"Craig, CO",0.7298445202882063
"Crawfordsville, IN",0.7431101069279878
"Crescent City, CA",0.7734875444839857
"Crossville, TN",0.8141102624457575
"Cullman, AL",0.7558773576472692
"Cullowhee, NC",0.7652312932262886
"Danville, KY",0.7504455355519185
"Danville, VA",0.7789836280544492
"Dayton, TN",0.7524444712699179
"Decatur, IN",0.6613831650955202
"Defiance, OH",0.7445994127516778
"Del Rio, TX",0.6858968968127155
"Deming, NM",0.7083268055773148
"DeRidder, LA",0.7270664771484802
"Dickinson, ND",0.7035087203317549
"Dixon, IL",0.7838409351229111
"Dodge City, KS",0.6689013144412893
"Douglas, GA",0.7284122293682523
"Dublin, GA",0.7417131958223739
"DuBois, PA",0.8011163557353712
"Dumas, TX",0.6589165640685671
"Duncan, OK",0.7471307009204944
"Durango, CO",0.7890133333333333
"Durant, OK",0.738116972720518
"Dyersburg, TN",0.739642223132596
"Eagle Pass, TX",0.658364337880667
"Easton, MD",0.8016265348429278
"Edwards, CO",0.7704523839431514
"Effingham, IL",0.7409817020040662
"El Campo, TX",0.7146520936698545
"El Dorado, AR",0.7387584767866457
"Elizabeth City, NC",0.7652314136902003
"Elk City, OK",0.7263449151773564
"Elkins, WV",0.7894698985830396
"Elko, NV",0.709914364541904
"Ellensburg, WA",0.7774017011362887
"Emporia, KS",0.7376864377384669
"Enterprise, AL",0.7390814781998745
"Escanaba, MI",0.7856948894802586
"Española, NM",0.7483262400756614
"Eufaula, AL-GA",0.7764913441393759
"Eureka-Arcata, CA",0.7781747487345022
"Evanston, WY",0.6979403925369517
"Fairfield, IA",0.8238639994887199
"Fairmont, MN",0.7540547326136078
"Fairmont, WV",0.7676648631274442
"Fallon, NV",0.7506122925008747
"Faribault-Northfield, MN",0.7385447949808213
"Farmington, MO",0.7684517552301565
"Fergus Falls, MN",0.7615994404290044
"Fernley, NV",0.7723100668275783
"Findlay, OH",0.7548355122160308
"Fitzgerald, GA",0.7289311108520806
"Forest City, NC",0.7782646393955346
"Forrest City, AR",0.7688112933726198
"Fort Dodge, IA",0.7464398201739036
"Fort Leonard Wood, MO",0.6987698825628066
"Fort Madison-Keokuk, IA-IL-MO",0.7661767013652769
"Fort Morgan, CO",0.7167333149476006
"Fort Payne, AL",0.7359670254689262
"Fort Polk South, LA",0.7274033356237116
"Frankfort, IN",0.711598366853168
"Frankfort, KY",0.7568709800969399
"Fredericksburg, TX",0.7823204015093234
"Freeport, IL",0.76624792712569
"Fremont, NE",0.7249548554025281
"Fremont, OH",0.7584773907860002
"Gaffney, SC",0.7447370299008064
"Gainesville, TX",0.7417858157371461
"Galesburg, IL",0.7714743849963465
"Gallup, NM",0.691766508776818
"Garden City, KS",0.6697461783894472
"Gardnerville Ranchos, NV",0.8289352316021656
"Georgetown, SC",0.8103440183977096
"Gillette, WY",0.7172722912290568
"Glasgow, KY",0.7426083471480881
"Glenwood Springs, CO",0.7531222880428631
"Gloversville, NY",0.7802168838014911
"Granbury, TX",0.7748902245336489
"Grand Rapids, MN",0.7739738185045485
"Grants, NM",0.7446659799882284
"Great Bend, KS",0.7323921319796954
"Greeneville, TN",0.7865082624148624
"Greensburg, IN",0.7409954407294833
"Greenville, MS",0.7198251196007965
"Greenville, OH",0.739384072717406
"Greenwood, MS",0.7205630943476867
"Greenwood, SC",0.7443566672925002
"Grenada, MS",0.7347531008659022
"Guymon, OK",0.6819075005990893
"Hailey, ID",0.7783053464582127
"Hannibal, MO",0.7505594279688264
"Harrison, AR",0.7580494737309589
"Hastings, NE",0.7287201469687692
"Hays, KS",0.7507120527961098
"Heber, UT",0.7139000328009487
"Helena, MT",0.7671236111603084
"Helena-West Helena, AR",0.7172764994341758
"Henderson, NC",0.7388408201967523
"Hereford, TX",0.6573735610235146
"Hermiston-Pendleton, OR",0.7233533063895721
"Hillsdale, MI",0.756246432178457
"Hilo, HI",0.767069480449075
"Hobbs, NM",0.6706618815407375
"Holland, MI",0.7427366680446466
"Hood River, OR",0.7468927962755123
"Hope, AR",0.7321473404827661
"Houghton, MI",0.7376712328767123
"Hudson, NY",0.8200006474796854
"Huntingdon, PA",0.7938435598897218
"Huntington, IN",0.7551815235449519
"Huntsville, TX",0.8065455198327712
"Huron, SD",0.7013537601772896
"Hutchinson, KS",0.7538020646758068
"Hutchinson, MN",0.7534776099088063
"Indiana, PA",0.7691166180054533
"Indianola, MS",0.7567908038737108
"Iron Mountain, MI-WI",0.792955892034233
"Jackson, OH",0.7401187290455538
"Jackson, WY-ID",0.7902460800178561
"Jacksonville, IL",0.7789915068639496
"Jacksonville, TX",0.7167544082822866
"Jamestown, ND",0.764367816091954
"Jamestown-Dunkirk-Fredonia, NY",0.7647921644704156
"Jasper, AL",0.7557314326267395
"Jasper, IN",0.7400930098935234
"Jefferson, GA",0.724995640584909
"Jennings, LA",0.7226155510898129
"Jesup, GA",0.7385780118499012
"Juneau, AK",0.7699934319582148
"Kalispell, MT",0.7644623527025283
"Kapaa, HI",0.76519998910883
"Kearney, NE",0.7306053005454897
"Keene, NH",0.7851517541931229
"Kendallville, IN",0.7346009697842336
"Kennett, MO",0.7175379730851102
"Kerrville, TX",0.7851620548898629
"Ketchikan, AK",0.7738112549076632
"Key West, FL",0.829073871242546
"Kill Devil Hills, NC",0.7971236715486703
"Kingsville, TX",0.7070863599677158
"Kinston, NC",0.7521478448433444
"Kirksville, MO",0.7344744950359466
"Klamath Falls, OR",0.7570691522718203
"Laconia, NH",0.8033974557865343
"La Grande, OR",0.7463375553181749
"LaGrange, GA-AL",0.7448710447818455
"Lake City, FL",0.7609717979683172
"Lamesa, TX",0.7168291307500202
"Laramie, WY",0.7802861093384387
"Las Vegas, NM",0.7990493204874625
"Laurel, MS",0.7265008731257904
"Laurinburg, NC",0.7385689660209775
"Lawrenceburg, TN",0.7287855804407959
"Lebanon, MO",0.7286967591951955
"Lebanon, NH-VT",0.800815318318708
"Levelland, TX",0.6946589898422506
"Lewisburg, PA",0.77299849652321
"Lewisburg, TN",0.7460839240795792
"Lewistown, PA",0.7536630830587827
"Lexington, NE",0.7060881735479356
"Liberal, KS",0.6532855106451465
"Lincoln, IL",0.7779722777936553
"Lock Haven, PA",0.7612972107300147
"Logansport, IN",0.7509251124777041
"London, KY",0.7399458610433446
"Los Alamos, NM",0.7642524573202276
"Ludington, MI",0.7802470816458497
"Lufkin, TX",0.7198922618084295
"Lumberton, NC",0.7152448249776494
"Macomb, IL",0.7605114059937379
"Madison, IN",0.7692284481458013
"Madisonville, KY",0.7490584429970313
"Magnolia, AR",0.722212420606916
"Malone, NY",0.7817978759271746
"Malvern, AR",0.7754615663086762
"Manitowoc, WI",0.7739402490644746
"Marietta, OH",0.7765848240580246
"Marinette, WI-MI",0.7955626476815908
"Marion, IN",0.7482003531382521
"Marion, NC",0.7852494577006508
"Marion, OH",0.7667212938996186
"Marquette, MI",0.7841701586917387
"Marshall, MN",0.706115492846102
"Marshall, MO",0.7391042981665163
"Marshalltown, IA",0.7206985672345871
"Martin, TN",0.7684647051701174
"Martinsville, VA",0.7732768760291696
"Maryville, MO",0.7534499054820416
"Mason City, IA",0.7684414365854145
"Mayfield, KY",0.7374846374436707
"Maysville, KY",0.7470911346051621
"McAlester, OK",0.7517933674054041
"McComb, MS",0.7125809921697146
"McMinnville, TN",0.74640560653132
"McPherson, KS",0.7466993962714789
"Meadville, PA",0.7661335796811076
"Menomonie, WI",0.7507190374777702
"Meridian, MS",0.74683925346177
"Mexico, MO",0.7505403890801376
"Miami, OK",0.7150626235992089
"Middlesborough, KY",0.7654874675161372
"Milledgeville, GA",0.7645150827116445
"Minden, LA",0.7541454786646031
"Mineral Wells, TX",0.7469497315763787
"Minot, ND",0.7316480818948633
"Mitchell, SD",0.7280930590600009
"Moberly, MO",0.7611873990306947
"Montrose, CO",0.781362155882414
"Morehead City, NC",0.8123313053500825
"Morgan City, LA",0.7404834964339028
"Moscow, ID",0.7517674199389776
"Moses Lake, WA",0.6834800642092984
"Moultrie, GA",0.7206190517768271
"Mountain Home, AR",0.8029138192862566
"Mountain Home, ID",0.7296978527075312
"Mount Airy, NC",0.7678210029233191
"Mount Gay-Shamrock, WV",0.7732614622833683
"Mount Pleasant, MI",0.7517936216499777
"Mount Pleasant, TX",0.6918651110755953
"Mount Sterling, KY",0.7486597020618339
"Mount Vernon, IL",0.7572741817392955
"Mount Vernon, OH",0.735265592953559
"Murray, KY",0.7639243876464323
"Muscatine, IA",0.7328757496251874
"Muskogee, OK",0.7277235206966408
"Nacogdoches, TX",0.7090523906723573
"Natchez, MS-LA",0.7654824058746127
"Natchitoches, LA",0.7216280451574569
"Newberry, SC",0.7550268449310453
"New Castle, IN",0.7763155205885358
"New Castle, PA",0.776424903797794
"New Philadelphia-Dover, OH",0.7501297297297297
"Newport, OR",0.8218709449097558
"Newport, TN",0.7799989016420451
"New Ulm, MN",0.7515395638870599
"Nogales, AZ",0.7102938412380176
"Norfolk, NE",0.7155119052531672
"North Platte, NE",0.7438563595556692
"North Vernon, IN",0.7480754496698165
"North Wilkesboro, NC",0.778941129988147
"Norwalk, OH",0.7393218770880806
"Oak Harbor, WA",0.8061350535273126
"Ogdensburg-Massena, NY",0.7507750969449611
"Oil City, PA",0.7924826785213664
"Okeechobee, FL",0.7635722445735856
"Olean, NY",0.7516551958757491
"Oneonta, NY",0.7878464635342292
"Ontario, OR-ID",0.715969195251796
"Opelousas, LA",0.7104945717732207
"Orangeburg, SC",0.7489091391239363
"Oskaloosa, IA",0.7281659388646288
"Othello, WA",0.6101546966684448
"Ottawa, IL",0.7673287476087753
"Ottawa, KS",0.7375125067343954
"Ottumwa, IA",0.7400442477876106
"Owatonna, MN",0.7310771372727516
"Oxford, MS",0.7510371985092469
"Ozark, AL",0.7471322605488225
"Paducah, KY-IL",0.7620732552922462
"Pahrump, NV",0.8176800748362956
"Palatka, FL",0.7670257661763318
"Palestine, TX",0.7927810691414677
"Pampa, TX",0.7284097677188803
"Paragould, AR",0.7334671934710797
"Paris, TN",0.7775365240857347
"Paris, TX",0.7364365842947822
"Parsons, KS",0.7337284049819205
"Payson, AZ",0.7879788762619194
"Pearsall, TX",0.7402907355174658
"Pecos, TX",0.7436743674367436
"Pella, IA",0.7338526063511085
"Peru, IN",0.7678002272664283
"Picayune, MS",0.7457303152045024
"Pierre, SD",0.735549551288237
"Pinehurst-Southern Pines, NC",0.7648764633185096
"Pittsburg, KS",0.7373306059831245
"Plainview, TX",0.7031657355679702
"Platteville, WI",0.7343696027633851
"Plattsburgh, NY",0.7842856424945978
"Plymouth, IN",0.7272825827714057
"Point Pleasant, WV-OH",0.7583540458436896
"Ponca City, OK",0.7223772066221531
"Pontiac, IL",0.7614681471511888
"Poplar Bluff, MO",0.7415493759247316
"Portales, NM",0.7087649192912351
"Port Angeles, WA",0.8188955235330972
"Port Lavaca, TX",0.7366046535205556
"Portsmouth, OH",0.7575055217735118
"Pottsville, PA",0.7812430198793835
"Price, UT",0.7141174160612606
"Prineville, OR",0.784179649559035
"Pullman, WA",0.7429239863806321
"Quincy, IL-MO",0.7502735010806628
"Raymondville, TX",0.7315416420555227
"Red Bluff, CA",0.7386027054261198
"Red Wing, MN",0.7590893929286191
"Rexburg, ID",0.6808649385680198
"Richmond, IN",0.7508878054652702
"Richmond-Berea, KY",0.7442762831240001
"Rio Grande City-Roma, TX",0.6427652197610865
"Riverton, WY",0.7229255643685174
"Roanoke Rapids, NC",0.7759973089096497
"Rochelle, IL",0.7553888316585357
"Rockingham, NC",0.7413163561464282
"Rockport, TX",0.7977560179518564
"Rock Springs, WY",0.7205027154323065
"Rolla, MO",0.7402363308632085
"Roseburg, OR",0.7879940702638019
"Roswell, NM",0.7088304012130777
"Ruidoso, NM",0.7982971227246036
"Russellville, AR",0.7319641665872486
"Ruston, LA",0.7318699119455059
"Rutland, VT",0.7971645954019574
"Safford, AZ",0.705685019206146
"St. Marys, GA",0.7337776659959758
"St. Marys, PA",0.7877075008933502
"Salem, OH",0.7769815418023887
"Salina, KS",0.7451863510029133
"Sandpoint, ID",0.786890545755794
"Sandusky, OH",0.778322556511516
"Sanford, NC",0.739187377217874
"Sault Ste. Marie, MI",0.7935136897001304
"Sayre, PA",0.7588158685634141
"Scottsbluff, NE",0.7283661522086216
"Scottsboro, AL",0.7721751653307563
"Scottsburg, IN",0.7551221515089304
"Searcy, AR",0.7337806157472768
"Sedalia, MO",0.724483652866537
"Selinsgrove, PA",0.748643396178794
"Selma, AL",0.7415933437890427
"Seneca, SC",0.7868262565811901
"Seneca Falls, NY",0.7791498456423652
"Sevierville, TN",0.777535496447843
"Seymour, IN",0.7334317407254651
"Shawano, WI",0.7530344644281032
"Shawnee, OK",0.7368903983894602
"Shelby, NC",0.7502366504249743
"Shelbyville, TN",0.724935933801522
"Shelton, WA",0.787635879612512
"Sheridan, WY",0.7659419831890286
"Show Low, AZ",0.7187716718910372
"Sidney, OH",0.7297663463743044
"Sikeston, MO",0.7364164904862579
"Silver City, NM",0.7872996521926208
"Snyder, TX",0.7236091298145506
"Somerset, KY",0.7577457469085795
"Somerset, PA",0.8021649666562538
"Sonora, CA",0.8134384518903423
"Spearfish, SD",0.7922033250525511
"Spencer, IA",0.749330900243309
"Spirit Lake, IA",0.7884152148339029
"Starkville, MS",0.7453295592397897
"Statesboro, GA",0.7182140171271925
"Steamboat Springs, CO",0.8047905623530349
"Stephenville, TX",0.7183825902531237
"Sterling, CO",0.7870340205705776
"Sterling, IL",0.7583581954615315
"Stevens Point, WI",0.7664329908611001
"Stillwater, OK",0.7453682811108807
"Storm Lake, IA",0.6990997063213134
"Sturgis, MI",0.734569933177524
"Sulphur Springs, TX",0.7332240466528714
"Summerville, GA",0.7574602919942243
"Sunbury, PA",0.7845528455284553
"Susanville, CA",0.8033716336439579
"Sweetwater, TX",0.7098718914845517
"Tahlequah, OK",0.7452495433262645
"Talladega-Sylacauga, AL",0.7692458662479761
"Taos, NM",0.8118880512953817
"Taylorville, IL",0.7795139920385004
"The Dalles, OR",0.7618798174062711
"Thomaston, GA",0.7529581529581529
"Thomasville, GA",0.7398673705335719
"Tiffin, OH",0.7486431355407424
"Tifton, GA",0.7153256333106862
"Toccoa, GA",0.750604876233017
"Torrington, CT",0.8040324324324324
"Traverse City, MI",0.7904450981025956
"Troy, AL",0.7552665878572944
"Truckee-Grass Valley, CA",0.8144307980712553
"Tullahoma-Manchester, TN",0.7523762294404496
"Tupelo, MS",0.7299248599551366
"Ukiah, CA",0.7680302283555117
"Union, SC",0.767693218833284
"Union City, TN",0.7625878027965601
"Urbana, OH",0.755652600842399
"Uvalde, TX",0.6952565813417445
"Van Wert, OH",0.7466935820687735
"Vermillion, SD",0.733069306930693
"Vernal, UT",0.6547342835045852
"Vernon, TX",0.7528081061974707
"Vicksburg, MS",0.7408155304160261
"Vidalia, GA",0.7226689911146102
"Vincennes, IN",0.7448270107909667
"Vineyard Haven, MA",0.8076503768308291
"Wabash, IN",0.7587292315680166
"Wahpeton, ND-MN",0.7396645610978
"Wapakoneta, OH",0.7377820159944518
"Warren, PA",0.7848114543452037
"Warrensburg, MO",0.7349399815327793
"Warsaw, IN",0.7385963598232342
"Washington, IN",0.67856394286912
"Washington, NC",0.7834847530808672
"Washington Court House, OH",0.7426139901750501
"Watertown, SD",0.7240355227495531
"Watertown-Fort Atkinson, WI",0.7630646433490694
"Wauchula, FL",0.7144936086529007
"Waycross, GA",0.7306682854541234
"Weatherford, OK",0.7066363668643255
"West Plains, MO",0.7359599749843653
"West Point, MS",0.7511734556244942
"Whitewater, WI",0.7662150394666617
"Williston, ND",0.6761511277413991
"Willmar, MN",0.7319441588411361
"Wilmington, OH",0.745309970479002
"Wilson, NC",0.7453584963442177
"Winfield, KS",0.7302585807050093
"Winnemucca, NV",0.7056323662737988
"Winona, MN",0.7645577271811405
"Wisconsin Rapids-Marshfield, WI",0.7634129877143243
"Woodward, OK",0.734885467517837
"Wooster, OH",0.7291663096564134
"Worthington, MN",0.6924650993588286
"Yankton, SD",0.7623299137227969
"Zanesville, OH",0.7511110082399778
"Zapata, TX",0.6412136899626114
